"date","country","city","variable","count","min","max","median","variance","sd","completeness_score","30_day_rolling_avg","z_score_all","z_score_city","over_who_limit","avg_time_24h","avg_time_8h","monthly_percent_exceeded","avg_magnitude","magnitude_score"
"2021-04-18","IN","Hyderabad","temperature",128,-3052.2,3205.2,28.5,3127540,1768.49,1.00,28.91,1.62,0.39,NULL,NULL,NULL,NULL,NULL,NULL
"2021-04-19","IN","Hyderabad","temperature",142,-984.7,992.4,29.1,175618,419.07,1.00,28.91,1.62,0.39,NULL,NULL,NULL,NULL,NULL,NULL
"2021-04-01","IN","Hyderabad","temperature",9999,-1598.3,1334.55,28.8,2347508.76,1532.16,1.00,28.92,1.62,0.39,NULL,NULL,NULL,NULL,NULL,NULL
"2021-04-02","IN","Hyderabad","temperature",9999,-2003.38,1659.19,28.75,2934366.57,1713.00,1.00,28.93,1.62,0.39,NULL,NULL,NULL,NULL,NULL,NULL
"2021-04-03","IN","Hyderabad","temperature",9999,-2408.45,1983.82,28.7,3521224.38,1876.49,1.00,28.93,1.62,0.39,NULL,NULL,NULL,NULL,NULL,NULL
"2021-04-04","IN","Hyderabad","temperature",9999,-2813.52,2308.46,28.65,4108082.19,2026.84,1.00,28.93,1.62,0.39,NULL,NULL,NULL,NULL,NULL,NULL
"2021-04-05","IN","Hyderabad","temperature",117,-3218.6,2633.1,28.6,4694940,2166.78,1.00,28.92,1.62,0.39,NULL,NULL,NULL,NULL,NULL,NULL
"2019-05-20","GB","Edinburgh","dew",113,-23.3,35.2,-6.2,2631.26,51.30,1.00,4.91,-0.43,-0.26,NULL,NULL,NULL,NULL,NULL,NULL
"2019-05-21","GB","Edinburgh","dew",102,-33.9,44.4,6.2,4528.26,67.29,1.00,4.90,-0.43,-0.26,NULL,NULL,NULL,NULL,NULL,NULL
"2019-05-19","GB","Edinburgh","dew",116,-25.8,38.8,9.5,2682.8,51.80,1.00,5.40,-0.38,-0.13,NULL,NULL,NULL,NULL,NULL,NULL
"2019-05-17","GB","Edinburgh","dew",116,-28.6,37.3,7,3489.66,59.07,1.00,5.25,-0.39,-0.17,NULL,NULL,NULL,NULL,NULL,NULL
"2019-05-18","GB","Edinburgh","dew",111,-26.5,38,10.1,3418.2,58.47,1.00,5.35,-0.38,-0.14,NULL,NULL,NULL,NULL,NULL,NULL
"2021-06-05","IN","Hyderabad","temperature",144,-973.2,313.2,28,80681.3,284.04,1.00,28.42,1.56,0.31,NULL,NULL,NULL,NULL,NULL,NULL
"2020-09-01","TH","Bangkok","humidity",480,-2269.6,410,79.2,152980,391.13,1.00,72.09,0.35,0.49,NULL,NULL,NULL,NULL,NULL,NULL
"2020-09-16","TH","Bangkok","humidity",480,-2337.6,294,73,251977,501.97,1.00,71.39,0.32,0.46,NULL,NULL,NULL,NULL,NULL,NULL
"2020-09-17","TH","Bangkok","humidity",480,-2576.8,3131.2,69,431043,656.54,1.00,71.45,0.32,0.46,NULL,NULL,NULL,NULL,NULL,NULL
"2020-09-18","TH","Bangkok","humidity",477,-961.2,201,74,24450.8,156.37,1.00,71.65,0.33,0.47,NULL,NULL,NULL,NULL,NULL,NULL
"2020-09-16","TH","Bangkok","temperature",480,-3165.5,1619.2,29.7,266088,515.84,1.00,29.84,1.72,0.45,NULL,NULL,NULL,NULL,NULL,NULL
"2020-11-04","IN","Hyderabad","humidity",125,-3223.4,2894.4,52.7,1519010,1232.48,1.00,73.47,0.42,0.74,NULL,NULL,NULL,NULL,NULL,NULL
"2020-11-18","IN","Hyderabad","temperature",130,-2741.3,3080.8,29.1,3131500,1769.60,1.00,28.97,1.62,0.40,NULL,NULL,NULL,NULL,NULL,NULL
"2020-11-17","IN","Hyderabad","temperature",128,-2043.5,2723.1,29.2,1385590,1177.11,1.00,28.99,1.63,0.40,NULL,NULL,NULL,NULL,NULL,NULL
"2020-11-16","IN","Hyderabad","temperature",128,-2779.6,479.9,29.1,668257,817.47,1.00,29.00,1.63,0.40,NULL,NULL,NULL,NULL,NULL,NULL
"2020-11-15","IN","Hyderabad","temperature",128,-2920.2,932.9,29.1,1493080,1221.92,1.00,29.02,1.63,0.40,NULL,NULL,NULL,NULL,NULL,NULL
"2020-11-14","IN","Hyderabad","temperature",128,-1011.8,3123.9,29.1,1190580,1091.14,1.00,29.04,1.63,0.41,NULL,NULL,NULL,NULL,NULL,NULL
"2020-11-13","IN","Hyderabad","temperature",128,-2887,1815.4,28.5,3751450,1936.87,1.00,29.05,1.63,0.41,NULL,NULL,NULL,NULL,NULL,NULL
"2020-11-12","IN","Hyderabad","temperature",121,-1888,2743.1,29.1,2305250,1518.30,1.00,29.09,1.64,0.42,NULL,NULL,NULL,NULL,NULL,NULL
"2020-11-11","IN","Hyderabad","temperature",128,-1767.8,2936.4,29.1,2085010,1443.96,1.00,29.11,1.64,0.42,NULL,NULL,NULL,NULL,NULL,NULL
"2020-11-10","IN","Hyderabad","temperature",128,-3137.9,2711.4,29.2,3855650,1963.58,1.00,29.13,1.64,0.42,NULL,NULL,NULL,NULL,NULL,NULL
"2020-11-09","IN","Hyderabad","temperature",119,-2962.6,1948.7,28.1,1783910,1335.63,1.00,29.16,1.65,0.43,NULL,NULL,NULL,NULL,NULL,NULL
"2020-11-08","IN","Hyderabad","temperature",102,-2428.5,1410.8,27.9,1001770,1000.88,1.00,29.21,1.65,0.43,NULL,NULL,NULL,NULL,NULL,NULL
"2020-11-06","IN","Hyderabad","temperature",128,-2879.6,3238.2,29.1,2460650,1568.65,1.00,29.30,1.66,0.45,NULL,NULL,NULL,NULL,NULL,NULL
"2020-11-05","IN","Hyderabad","temperature",128,-3215.9,2919.2,29.1,6829310.5,2613.29,1.00,29.32,1.66,0.45,NULL,NULL,NULL,NULL,NULL,NULL
"2020-11-04","IN","Hyderabad","temperature",117,-2056.5,3172.3,28.4,3158210,1777.14,1.00,29.33,1.66,0.45,NULL,NULL,NULL,NULL,NULL,NULL
"2020-11-02","IN","Hyderabad","temperature",128,-1252.8,1159.4,29.3,334987,578.78,1.00,29.38,1.67,0.46,NULL,NULL,NULL,NULL,NULL,NULL
"2020-11-29","IN","Hyderabad","temperature",120,-984.9,256.2,29.1,94929.7,308.11,1.00,28.99,1.63,0.40,NULL,NULL,NULL,NULL,NULL,NULL
"2020-11-28","IN","Hyderabad","temperature",128,-984.8,255.8,29.1,101260,318.21,1.00,29.00,1.63,0.40,NULL,NULL,NULL,NULL,NULL,NULL
"2019-12-04","LT","Kaunas","dew",38,-3,172.6,1,15160.3,123.13,1.00,2.02,-0.77,-0.26,NULL,NULL,NULL,NULL,NULL,NULL
"2020-12-15","TH","Chiang Mai","humidity",301,-1304,463.6,73.7,76756,277.05,1.00,71.94,0.34,0.30,NULL,NULL,NULL,NULL,NULL,NULL
"2020-12-23","TH","Chiang Mai","humidity",385,-2446.8,1332,67.6,211462,459.85,1.00,71.38,0.32,0.28,NULL,NULL,NULL,NULL,NULL,NULL
"2020-12-27","TH","Chiang Mai","humidity",344,-2642.4,3100.8,80.4,963178,981.42,1.00,71.03,0.30,0.26,NULL,NULL,NULL,NULL,NULL,NULL
"2020-12-28","TH","Chiang Mai","humidity",9999,-2572.3,2725.7,79.48,861775.88,928.32,1.00,71.21,0.31,0.27,NULL,NULL,NULL,NULL,NULL,NULL
"2020-12-02","TH","Chiang Mai","humidity",300,-3016,3234.4,68.3,661604,813.39,1.00,73.12,0.40,0.35,NULL,NULL,NULL,NULL,NULL,NULL
"2020-12-29","TH","Chiang Mai","humidity",9999,-2502.2,2350.6,78.55,760373.75,871.99,1.00,71.43,0.32,0.28,NULL,NULL,NULL,NULL,NULL,NULL
"2020-12-30","TH","Chiang Mai","humidity",9999,-2432.1,1975.5,77.62,658971.62,811.77,1.00,71.75,0.34,0.29,NULL,NULL,NULL,NULL,NULL,NULL
"2020-12-31","TH","Chiang Mai","humidity",9999,-2362,1600.4,76.7,557569.5,746.71,1.00,72.15,0.35,0.31,NULL,NULL,NULL,NULL,NULL,NULL
"2020-12-13","TH","Chiang Mai","temperature",313,-2777.6,3276,25,866268,930.74,1.00,26.01,1.30,0.40,NULL,NULL,NULL,NULL,NULL,NULL
"2020-12-09","TH","Chiang Mai","temperature",279,-2890.8,312,24.4,496170,704.39,1.00,26.24,1.33,0.43,NULL,NULL,NULL,NULL,NULL,NULL
"2020-12-22","TH","Chiang Mai","temperature",408,-1604.4,1438.4,20.6,180035,424.31,1.00,25.10,1.20,0.29,NULL,NULL,NULL,NULL,NULL,NULL
"2021-01-16","IN","Hyderabad","temperature",126,-984.4,255,29.6,246729,496.72,1.00,29.13,1.64,0.42,NULL,NULL,NULL,NULL,NULL,NULL
"2021-01-25","IN","Jaipur","dew",63,-3,35,3,561.92,23.70,1.00,8.25,-0.04,-0.63,NULL,NULL,NULL,NULL,NULL,NULL
"2021-02-24","TH","Chiang Mai","humidity",344,-1824,2905.6,56.2,344486,586.93,1.00,59.89,-0.23,-0.22,NULL,NULL,NULL,NULL,NULL,NULL
"2021-02-24","TH","Chiang Mai","temperature",415,-1824,2905.6,27,286921,535.65,1.00,24.86,1.17,0.27,NULL,NULL,NULL,NULL,NULL,NULL
"2021-02-25","IN","Hyderabad","humidity",111,-2689.4,363.9,43,699958,836.63,1.00,53.88,-0.52,-0.33,NULL,NULL,NULL,NULL,NULL,NULL
"2021-02-16","IN","Hyderabad","temperature",128,-1846.2,2758.7,28.6,1469020,1212.03,1.00,28.75,1.60,0.36,NULL,NULL,NULL,NULL,NULL,NULL
"2021-02-17","IN","Hyderabad","temperature",125,-3053.7,3183,28.5,4557590,2134.85,1.00,28.72,1.60,0.36,NULL,NULL,NULL,NULL,NULL,NULL
"2021-02-18","IN","Hyderabad","temperature",123,-1422.1,2834,28.5,3087900,1757.24,1.00,28.69,1.59,0.35,NULL,NULL,NULL,NULL,NULL,NULL
"2021-02-22","IN","Hyderabad","temperature",118,-3141.1,2683.6,28,3578920,1891.80,1.00,28.52,1.58,0.32,NULL,NULL,NULL,NULL,NULL,NULL
"2021-02-23","IN","Hyderabad","temperature",128,-3240.7,2900.1,28.5,5475340,2339.94,1.00,28.53,1.58,0.33,NULL,NULL,NULL,NULL,NULL,NULL
"2021-02-24","IN","Hyderabad","temperature",116,-3110.9,1540.4,28.5,4077210,2019.21,1.00,28.50,1.57,0.32,NULL,NULL,NULL,NULL,NULL,NULL
"2021-02-25","IN","Hyderabad","temperature",103,-2845.4,2939,28.5,4266320,2065.51,1.00,28.46,1.57,0.32,NULL,NULL,NULL,NULL,NULL,NULL
"2021-02-26","IN","Hyderabad","temperature",128,-3015.6,3131,28.5,4541160,2131.00,1.00,28.45,1.57,0.31,NULL,NULL,NULL,NULL,NULL,NULL
"2021-02-27","IN","Hyderabad","temperature",109,-3075.2,2877.7,29.6,3752600,1937.16,1.00,28.47,1.57,0.32,NULL,NULL,NULL,NULL,NULL,NULL
"2021-02-28","IN","Hyderabad","temperature",128,-3096.1,3098.1,28.8,5058390,2249.09,1.00,28.46,1.57,0.32,NULL,NULL,NULL,NULL,NULL,NULL
"2022-03-28","IN","Hyderabad","temperature",128,-1379.6,2590.4,28.8,3339600,1827.46,0.13,1.03,-1.44,-4.03,NULL,NULL,NULL,NULL,NULL,NULL
"2022-03-29","IN","Hyderabad","temperature",128,-2893.7,2498.2,28.5,1402370,1184.22,0.13,1.98,-1.33,-3.88,NULL,NULL,NULL,NULL,NULL,NULL
"2019-04-01","IN","Jaipur","dew",69,-5,114,2,5505.77,74.20,1.00,5.53,-0.36,-0.98,NULL,NULL,NULL,NULL,NULL,NULL
"2019-04-12","LT","Kaunas","dew",48,-8,403.3,-7,68661.7,262.03,1.00,-2.08,-1.25,-0.93,NULL,NULL,NULL,NULL,NULL,NULL
"2020-04-15","ZA","Pretoria","precipitation",9999,-2140.72,2771.79,1014.88,19730069.93,4441.85,0.50,1090.41,22.27,3.80,NULL,NULL,NULL,NULL,NULL,NULL
"2020-04-14","ZA","Pretoria","precipitation",9999,-2146.72,2779.54,1017.72,19785336.19,4448.07,0.50,1076.11,21.97,3.75,NULL,NULL,NULL,NULL,NULL,NULL
"2020-04-13","ZA","Pretoria","precipitation",9999,-2152.72,2787.29,1020.56,19840602.45,4454.28,0.50,1060.60,21.65,3.69,NULL,NULL,NULL,NULL,NULL,NULL
"2020-04-12","ZA","Pretoria","precipitation",9999,-2158.72,2795.04,1023.4,19895868.71,4460.48,0.50,1043.75,21.30,3.62,NULL,NULL,NULL,NULL,NULL,NULL
"2020-04-11","ZA","Pretoria","precipitation",9999,-2164.71,2802.8,1026.24,19951134.96,4466.67,0.50,1025.38,20.92,3.55,NULL,NULL,NULL,NULL,NULL,NULL
"2020-04-10","ZA","Pretoria","precipitation",9999,-2170.71,2810.55,1029.08,20006401.22,4472.85,0.50,1005.32,20.51,3.48,NULL,NULL,NULL,NULL,NULL,NULL
"2020-04-09","ZA","Pretoria","precipitation",9999,-2176.71,2818.3,1031.92,20061667.48,4479.03,0.50,983.35,20.05,3.39,NULL,NULL,NULL,NULL,NULL,NULL
"2020-04-08","ZA","Pretoria","precipitation",9999,-2182.7,2826.05,1034.76,20116933.74,4485.19,0.50,959.19,19.55,3.30,NULL,NULL,NULL,NULL,NULL,NULL
"2020-04-01","ZA","Pretoria","precipitation",9999,-2892.55,3202.61,1894.19,35617812.5,5968.07,0.50,238.91,4.66,0.56,NULL,NULL,NULL,NULL,NULL,NULL
"2020-04-02","ZA","Pretoria","precipitation",9999,-2944.4,3193.95,1922.65,38427050,6198.96,0.50,399.52,7.98,1.17,NULL,NULL,NULL,NULL,NULL,NULL
"2020-04-03","ZA","Pretoria","precipitation",9999,-2996.25,3185.29,1951.11,41236287.5,6421.55,0.50,543.80,10.96,1.72,NULL,NULL,NULL,NULL,NULL,NULL
"2020-04-04","ZA","Pretoria","precipitation",9999,-3048.1,3176.62,1979.58,44045525,6636.68,0.50,674.46,13.66,2.22,NULL,NULL,NULL,NULL,NULL,NULL
"2020-04-05","ZA","Pretoria","precipitation",9999,-3099.95,3167.96,2008.04,46854762.5,6845.05,0.50,793.65,16.13,2.67,NULL,NULL,NULL,NULL,NULL,NULL
"2020-04-06","ZA","Pretoria","precipitation",24,-3151.8,3159.3,2036.5,49664000,7047.27,0.50,903.06,18.39,3.09,NULL,NULL,NULL,NULL,NULL,NULL
"2020-04-07","ZA","Pretoria","precipitation",24,-2188.7,2833.8,1037.6,20172200,4491.35,0.50,932.56,19.00,3.20,NULL,NULL,NULL,NULL,NULL,NULL
"2019-05-09","DE","Köln","dew",120,-30.2,46.7,9.5,2107.61,45.91,1.00,2.77,-0.68,-0.51,NULL,NULL,NULL,NULL,NULL,NULL
"2019-06-11","FR","Nîmes","dew",72,-25.5,35.7,7.6,2690.79,51.87,1.00,8.50,-0.01,0.01,NULL,NULL,NULL,NULL,NULL,NULL
"2019-06-08","FR","Nîmes","dew",72,-1,36.3,6.5,893.36,29.89,1.00,8.20,-0.05,-0.05,NULL,NULL,NULL,NULL,NULL,NULL
"2019-06-07","FR","Nîmes","dew",72,-13.7,36.2,12,1600.38,40.00,1.00,8.28,-0.04,-0.04,NULL,NULL,NULL,NULL,NULL,NULL
"2020-06-04","CL","Calama","dew",44,-14,72,-4,2862.9,53.51,1.00,-12.00,-2.41,-0.49,NULL,NULL,NULL,NULL,NULL,NULL
"2019-07-03","ZA","Johannesburg","temperature",120,-302.2,1569.6,9,409217,639.70,1.00,5.69,-0.93,-1.55,NULL,NULL,NULL,NULL,NULL,NULL
"2021-07-19","IN","Hyderabad","humidity",143,-2846.8,3116.8,80,2462900,1569.36,1.00,75.36,0.51,0.85,NULL,NULL,NULL,NULL,NULL,NULL
"2021-07-20","IN","Hyderabad","humidity",144,-3102.9,1809.1,81,2445870,1563.93,1.00,75.97,0.54,0.88,NULL,NULL,NULL,NULL,NULL,NULL
"2021-07-21","IN","Hyderabad","humidity",136,-2355.9,139.7,89.7,874579,935.19,1.00,76.96,0.58,0.93,NULL,NULL,NULL,NULL,NULL,NULL
"2021-07-15","IN","Hyderabad","temperature",133,-3001.9,824.9,27.5,831604,911.92,1.00,27.44,1.46,0.15,NULL,NULL,NULL,NULL,NULL,NULL
"2021-07-17","IN","Hyderabad","temperature",144,-3003.5,2802.6,28.5,1294350,1137.70,1.00,27.50,1.46,0.16,NULL,NULL,NULL,NULL,NULL,NULL
"2021-07-19","IN","Hyderabad","temperature",143,-2864,3170.8,27.1,6322460,2514.45,1.00,27.54,1.47,0.17,NULL,NULL,NULL,NULL,NULL,NULL
"2021-07-20","IN","Hyderabad","temperature",144,-3243.7,3015.2,26.7,7040620,2653.42,1.00,27.49,1.46,0.16,NULL,NULL,NULL,NULL,NULL,NULL
"2021-07-21","IN","Hyderabad","temperature",136,-3201.1,1869.4,26.6,3008940,1734.63,1.00,27.44,1.46,0.15,NULL,NULL,NULL,NULL,NULL,NULL
"2020-08-25","TH","Bangkok","humidity",479,-1515.2,634,64,66787.2,258.43,1.00,71.47,0.32,0.46,NULL,NULL,NULL,NULL,NULL,NULL
"2020-08-26","TH","Bangkok","humidity",488,-757.6,290,62,18279.3,135.20,1.00,71.25,0.31,0.45,NULL,NULL,NULL,NULL,NULL,NULL
"2020-08-27","TH","Bangkok","humidity",504,-2197.6,1652.4,63,158424,398.03,1.00,71.08,0.30,0.45,NULL,NULL,NULL,NULL,NULL,NULL
"2020-08-29","TH","Bangkok","humidity",480,-2505.6,2553.6,67,439023,662.59,1.00,71.05,0.30,0.45,NULL,NULL,NULL,NULL,NULL,NULL
"2020-08-28","TH","Bangkok","temperature",489,-3053.2,115.3,29.4,195342,441.98,1.00,29.22,1.65,0.37,NULL,NULL,NULL,NULL,NULL,NULL
"2020-08-29","TH","Bangkok","temperature",480,-2922.4,175.4,30.4,183459,428.32,1.00,29.21,1.65,0.37,NULL,NULL,NULL,NULL,NULL,NULL
"2020-08-30","TH","Bangkok","temperature",480,-3078.4,174.1,29.7,266053,515.80,1.00,29.18,1.65,0.36,NULL,NULL,NULL,NULL,NULL,NULL
"2020-08-31","TH","Bangkok","temperature",480,-2940.6,1152,30.1,345523,587.81,1.00,29.17,1.65,0.36,NULL,NULL,NULL,NULL,NULL,NULL
"2021-09-06","IN","Hyderabad","temperature",124,-1028.4,255.7,28.2,107943,328.55,1.00,28.36,1.56,0.30,NULL,NULL,NULL,NULL,NULL,NULL
"2021-09-09","IN","Hyderabad","temperature",125,-1006.4,486.4,28.4,130181,360.81,1.00,28.34,1.56,0.30,NULL,NULL,NULL,NULL,NULL,NULL
"2021-09-18","IN","Hyderabad","temperature",119,-2662.6,2925.5,28.7,4376330,2091.97,1.00,28.38,1.56,0.30,NULL,NULL,NULL,NULL,NULL,NULL
"2021-09-17","IN","Hyderabad","temperature",113,-2012.8,2386.3,28.3,2883550,1698.10,1.00,28.36,1.56,0.30,NULL,NULL,NULL,NULL,NULL,NULL
"2021-09-23","IN","Hyderabad","temperature",116,-3239.6,2539.2,27.8,5165180,2272.70,1.00,28.28,1.55,0.29,NULL,NULL,NULL,NULL,NULL,NULL
"2021-09-22","IN","Hyderabad","temperature",124,-2398.4,2816.4,27.8,3316480,1821.12,1.00,28.30,1.55,0.29,NULL,NULL,NULL,NULL,NULL,NULL
"2021-09-04","IN","Hyderabad","temperature",128,-984.5,276.5,28.3,85513.9,292.43,1.00,28.34,1.56,0.30,NULL,NULL,NULL,NULL,NULL,NULL
"2020-11-05","IN","Jaipur","dew",72,-2,802.5,4,258611,508.54,1.00,7.03,-0.19,-0.78,NULL,NULL,NULL,NULL,NULL,NULL
"2021-11-07","IN","Hyderabad","temperature",124,-2768.4,1436.2,28.8,1387710,1178.01,1.00,26.59,1.36,0.02,NULL,NULL,NULL,NULL,NULL,NULL
"2021-11-03","IN","Hyderabad","temperature",117,-532.9,3154.9,29.2,1546010,1243.39,1.00,26.24,1.33,-0.04,NULL,NULL,NULL,NULL,NULL,NULL
"2021-11-23","IN","Hyderabad","temperature",127,-2678.3,1985.2,29,2274980,1508.30,1.00,28.02,1.52,0.25,NULL,NULL,NULL,NULL,NULL,NULL
"2021-11-22","IN","Hyderabad","temperature",123,-80.8,2098.6,29.1,1084900,1041.59,1.00,27.92,1.51,0.23,NULL,NULL,NULL,NULL,NULL,NULL
"2021-11-20","IN","Hyderabad","temperature",128,-1006.7,501.2,29,140422,374.73,1.00,27.80,1.50,0.21,NULL,NULL,NULL,NULL,NULL,NULL
"2021-11-11","IN","Hyderabad","temperature",128,-3183.6,1020,28.4,930129,964.43,1.00,26.94,1.40,0.07,NULL,NULL,NULL,NULL,NULL,NULL
"2021-11-12","IN","Hyderabad","temperature",132,-1735.7,1221.4,28.2,467656,683.85,1.00,27.04,1.41,0.09,NULL,NULL,NULL,NULL,NULL,NULL
"2021-11-13","IN","Hyderabad","temperature",143,-2812.5,483.6,28.1,888202,942.44,1.00,27.15,1.42,0.11,NULL,NULL,NULL,NULL,NULL,NULL
"2021-11-02","IN","Hyderabad","temperature",124,-115.9,2239.5,29,987676,993.82,1.00,26.15,1.32,-0.05,NULL,NULL,NULL,NULL,NULL,NULL
"2022-11-28","RU","Moscow","dew",178,-8,965.3,-6,258839,508.76,1.00,-2.60,-1.31,-0.70,NULL,NULL,NULL,NULL,NULL,NULL
"2020-12-23","IN","Hyderabad","temperature",128,-1253.1,479.9,29.1,162281,402.84,1.00,29.21,1.65,0.43,NULL,NULL,NULL,NULL,NULL,NULL
"2021-01-03","TH","Chiang Mai","humidity",9999,-2151.7,475.1,73.92,253363.12,503.35,1.00,72.42,0.37,0.32,NULL,NULL,NULL,NULL,NULL,NULL
"2021-01-02","TH","Chiang Mai","humidity",9999,-2221.8,850.2,74.85,354765.25,595.62,1.00,72.45,0.37,0.33,NULL,NULL,NULL,NULL,NULL,NULL
"2021-01-01","TH","Chiang Mai","humidity",9999,-2291.9,1225.3,75.78,456167.38,675.40,1.00,72.40,0.37,0.32,NULL,NULL,NULL,NULL,NULL,NULL
"2022-01-08","IN","Hyderabad","temperature",9999,-82.51,2342.62,28.99,1136892.26,1066.25,0.32,29.05,1.63,0.41,NULL,NULL,NULL,NULL,NULL,NULL
"2022-01-09","IN","Hyderabad","temperature",9999,-98.93,2345.76,28.98,1164774.64,1079.25,0.32,29.05,1.63,0.41,NULL,NULL,NULL,NULL,NULL,NULL
"2022-01-10","IN","Hyderabad","temperature",9999,-115.35,2348.89,28.98,1192657.01,1092.09,0.32,29.05,1.63,0.41,NULL,NULL,NULL,NULL,NULL,NULL
"2019-03-22","IN","Jaipur","dew",72,-1.5,1113,2.5,498719,706.20,1.00,5.42,-0.37,-0.99,NULL,NULL,NULL,NULL,NULL,NULL
"2019-03-15","IN","Jaipur","dew",72,-1,760.5,5,231399,481.04,1.00,5.98,-0.31,-0.92,NULL,NULL,NULL,NULL,NULL,NULL
"2020-03-28","ZA","Pretoria","precipitation",24,-3060,2977.8,-1944.4,30918800,5560.47,0.16,-134.14,-3.06,-0.86,NULL,NULL,NULL,NULL,NULL,NULL
"2020-03-31","ZA","Pretoria","precipitation",9999,-2840.7,3211.28,1865.72,32808575,5727.88,0.16,58.53,0.92,-0.13,NULL,NULL,NULL,NULL,NULL,NULL
"2020-03-30","ZA","Pretoria","precipitation",9999,-2788.85,3219.94,1837.26,29999337.5,5477.17,0.16,-3.66,-0.36,-0.37,NULL,NULL,NULL,NULL,NULL,NULL
"2020-03-29","ZA","Pretoria","precipitation",23,-2737,3228.6,1808.8,27190100,5214.41,0.16,-67.14,-1.67,-0.61,NULL,NULL,NULL,NULL,NULL,NULL
"2021-03-04","IN","Hyderabad","temperature",128,-3156.5,3069.3,28.7,5205990,2281.66,1.00,28.42,1.56,0.31,NULL,NULL,NULL,NULL,NULL,NULL
"2021-03-05","IN","Hyderabad","temperature",128,-3201.1,2049.4,28.6,3029130,1740.44,1.00,28.40,1.56,0.31,NULL,NULL,NULL,NULL,NULL,NULL
"2021-03-06","IN","Hyderabad","temperature",128,-2599.3,2938,28.8,2551730,1597.41,1.00,28.40,1.56,0.31,NULL,NULL,NULL,NULL,NULL,NULL
"2021-03-01","IN","Hyderabad","temperature",128,-3041.8,3275.4,28.9,4605640,2146.08,1.00,28.46,1.57,0.32,NULL,NULL,NULL,NULL,NULL,NULL
"2021-03-02","IN","Hyderabad","temperature",128,-2780.1,2937.4,28.9,4026980,2006.73,1.00,28.45,1.57,0.31,NULL,NULL,NULL,NULL,NULL,NULL
"2021-03-03","IN","Hyderabad","temperature",128,-3254,3131,28.6,5319630,2306.43,1.00,28.44,1.57,0.31,NULL,NULL,NULL,NULL,NULL,NULL
"2021-03-08","IN","Hyderabad","temperature",123,-3270.1,3114.7,28.6,4306020,2075.10,1.00,28.41,1.56,0.31,NULL,NULL,NULL,NULL,NULL,NULL
"2021-03-31","IN","Hyderabad","temperature",9999,-1193.22,1009.91,28.85,1760650.96,1326.90,1.00,28.92,1.62,0.39,NULL,NULL,NULL,NULL,NULL,NULL
"2021-03-30","IN","Hyderabad","temperature",9999,-788.15,685.28,28.9,1173793.15,1083.42,1.00,28.93,1.62,0.39,NULL,NULL,NULL,NULL,NULL,NULL
"2021-03-29","IN","Hyderabad","temperature",9999,-383.08,360.64,28.95,586935.34,766.12,1.00,28.92,1.62,0.39,NULL,NULL,NULL,NULL,NULL,NULL
"2021-03-16","IN","Hyderabad","temperature",118,-985,74.8,29.1,87425.8,295.68,1.00,28.62,1.59,0.34,NULL,NULL,NULL,NULL,NULL,NULL
"2021-03-19","IN","Hyderabad","temperature",130,-984.4,479.5,29,95307.9,308.72,1.00,28.67,1.59,0.35,NULL,NULL,NULL,NULL,NULL,NULL
"2019-04-16","FR","Lille","dew",92,-40.2,94.1,4,3216.4,56.71,1.00,3.72,-0.57,-0.33,NULL,NULL,NULL,NULL,NULL,NULL
"2021-04-08","NP","Kathmandu","dew",138,-2,61.5,11,1275.54,35.71,1.00,7.66,-0.11,-0.68,NULL,NULL,NULL,NULL,NULL,NULL
"2022-04-19","IN","Delhi","temperature",812,-2429.3,1695,33.7,195974,442.69,1.00,29.77,1.71,0.64,NULL,NULL,NULL,NULL,NULL,NULL
"2022-04-26","IN","Hyderabad","humidity",137,-2744.1,1322.9,43.5,1097560,1047.64,1.00,51.09,-0.65,-0.48,NULL,NULL,NULL,NULL,NULL,NULL
"2022-04-28","IN","Hyderabad","temperature",128,-2934.2,2543.4,29.5,4212020,2052.32,1.00,29.32,1.66,0.45,NULL,NULL,NULL,NULL,NULL,NULL
"2022-04-26","IN","Hyderabad","temperature",130,-2811.6,2859,29.7,4485040,2117.79,1.00,29.29,1.66,0.45,NULL,NULL,NULL,NULL,NULL,NULL
"2022-04-27","IN","Hyderabad","temperature",128,-3269.2,3142.9,29.8,4932850,2221.00,1.00,29.31,1.66,0.45,NULL,NULL,NULL,NULL,NULL,NULL
"2022-04-20","IN","Hyderabad","temperature",121,-2768.4,2486.5,29.8,2536120,1592.52,1.00,28.24,1.54,0.28,NULL,NULL,NULL,NULL,NULL,NULL
"2022-04-19","IN","Hyderabad","temperature",111,-1849.3,2714.4,30.5,1931260,1389.70,1.00,27.99,1.52,0.24,NULL,NULL,NULL,NULL,NULL,NULL
"2022-04-18","IN","Hyderabad","temperature",123,-2922.1,2707.4,31.1,2328770,1526.03,1.00,27.67,1.48,0.19,NULL,NULL,NULL,NULL,NULL,NULL
"2022-04-12","IN","Hyderabad","temperature",130,-1492.5,477.5,28.9,223680,472.95,1.00,25.12,1.20,-0.21,NULL,NULL,NULL,NULL,NULL,NULL
"2022-04-11","IN","Hyderabad","temperature",128,-3183.7,3182.9,29.3,7301000,2702.04,1.00,24.60,1.15,-0.30,NULL,NULL,NULL,NULL,NULL,NULL
"2022-04-10","IN","Hyderabad","temperature",128,-2748.5,3140,29.2,5590970,2364.52,1.00,23.97,1.08,-0.40,NULL,NULL,NULL,NULL,NULL,NULL
"2022-04-09","IN","Hyderabad","temperature",132,-3192.8,2955.3,28.8,9444010,3073.11,1.00,23.26,1.00,-0.51,NULL,NULL,NULL,NULL,NULL,NULL
"2022-04-05","IN","Hyderabad","temperature",128,-3102.5,3141.5,28.7,4639950,2154.05,1.00,19.11,0.54,-1.17,NULL,NULL,NULL,NULL,NULL,NULL
"2022-04-22","IN","Hyderabad","temperature",122,-2904.3,3001.5,27.6,5237580,2288.58,1.00,28.60,1.58,0.34,NULL,NULL,NULL,NULL,NULL,NULL
"2022-04-30","IN","Hyderabad","temperature",132,-2738,2338.8,29,2630190,1621.79,1.00,29.32,1.66,0.45,NULL,NULL,NULL,NULL,NULL,NULL
"2022-04-29","IN","Hyderabad","temperature",128,-3141.6,3253.9,29.5,4591280,2142.73,1.00,29.33,1.66,0.45,NULL,NULL,NULL,NULL,NULL,NULL
"2019-05-27","US","Columbus","dew",24,-6,39.4,16,652.6,25.55,1.00,12.19,0.42,0.76,NULL,NULL,NULL,NULL,NULL,NULL
"2021-05-08","IN","Hyderabad","temperature",144,-1844.6,1504.8,28.7,397824,630.73,1.00,28.65,1.59,0.35,NULL,NULL,NULL,NULL,NULL,NULL
"2022-05-02","IN","Hyderabad","humidity",136,-2440.5,138.2,43.5,455117,674.62,1.00,49.20,-0.74,-0.58,NULL,NULL,NULL,NULL,NULL,NULL
"2022-05-01","IN","Hyderabad","temperature",128,-1666.5,3261.7,29.7,3634560,1906.45,1.00,29.36,1.67,0.46,NULL,NULL,NULL,NULL,NULL,NULL
"2022-05-02","IN","Hyderabad","temperature",128,-2401.5,2194.7,30.2,2316600,1522.04,1.00,29.42,1.67,0.47,NULL,NULL,NULL,NULL,NULL,NULL
"2019-06-10","ES","Barcelona","dew",53,-29.4,37.8,12,2200,46.90,1.00,10.75,0.25,0.12,NULL,NULL,NULL,NULL,NULL,NULL
"2019-06-11","ES","Barcelona","dew",66,-32.2,35.7,11.7,2574.31,50.74,1.00,10.79,0.25,0.12,NULL,NULL,NULL,NULL,NULL,NULL
"2019-06-12","ES","Barcelona","dew",69,-28.7,34.7,10.9,3425.11,58.52,1.00,10.85,0.26,0.13,NULL,NULL,NULL,NULL,NULL,NULL
"2019-06-13","ES","Barcelona","dew",72,-21.5,39.5,7.5,2208.66,47.00,1.00,10.79,0.25,0.12,NULL,NULL,NULL,NULL,NULL,NULL
"2019-06-06","IN","Jaipur","dew",72,-0.5,310,7.5,37563.4,193.81,1.00,10.10,0.17,-0.39,NULL,NULL,NULL,NULL,NULL,NULL
"2019-06-12","FR","Montpellier","dew",96,-28.7,34.7,11.5,2484.36,49.84,1.00,10.17,0.18,0.18,NULL,NULL,NULL,NULL,NULL,NULL
"2019-06-07","FR","Montpellier","dew",96,-13.7,35,14.5,638.46,25.27,1.00,9.35,0.09,0.03,NULL,NULL,NULL,NULL,NULL,NULL
"2019-06-13","FR","Montpellier","dew",96,-21.5,39.5,12.5,974.44,31.22,1.00,10.45,0.21,0.23,NULL,NULL,NULL,NULL,NULL,NULL
"2021-06-11","NP","Kathmandu","humidity",144,-2766.2,999.9,88.9,1195320,1093.31,1.00,79.82,0.72,0.33,NULL,NULL,NULL,NULL,NULL,NULL
"2020-10-20","IN","Hyderabad","temperature",130,-1252.7,482.6,29.2,225380,474.74,1.00,29.64,1.70,0.50,NULL,NULL,NULL,NULL,NULL,NULL
"2020-10-21","IN","Hyderabad","temperature",130,-984.4,254.6,29.2,83374,288.75,1.00,29.62,1.70,0.50,NULL,NULL,NULL,NULL,NULL,NULL
"2020-10-24","IN","Hyderabad","temperature",128,-984.7,484.7,29.4,125529,354.30,1.00,29.59,1.69,0.49,NULL,NULL,NULL,NULL,NULL,NULL
"2020-10-25","IN","Hyderabad","temperature",141,-984.5,255.1,29.4,84377,290.48,1.00,29.58,1.69,0.49,NULL,NULL,NULL,NULL,NULL,NULL
"2020-10-26","IN","Hyderabad","temperature",132,-962.6,480.6,29.3,118725,344.56,1.00,29.58,1.69,0.49,NULL,NULL,NULL,NULL,NULL,NULL
"2020-10-06","IN","Hyderabad","temperature",126,-2895.1,2372.3,29.5,1979200,1406.84,1.00,29.74,1.71,0.52,NULL,NULL,NULL,NULL,NULL,NULL
"2020-10-31","IN","Hyderabad","temperature",140,-1028.5,2210.1,28,562698,750.13,1.00,29.40,1.67,0.46,NULL,NULL,NULL,NULL,NULL,NULL
"2020-11-17","TH","Chiang Mai","humidity",347,-3237.6,3224.4,76.4,881166,938.70,1.00,78.62,0.66,0.59,NULL,NULL,NULL,NULL,NULL,NULL
"2020-11-27","TH","Chiang Mai","humidity",391,-144.8,2703.2,76.7,184021,428.98,1.00,76.30,0.55,0.49,NULL,NULL,NULL,NULL,NULL,NULL
"2021-11-10","NZ","Christchurch","humidity",9999,-904.9,146.8,83.03,1203483.77,1097.03,1.00,75.07,0.49,0.31,NULL,NULL,NULL,NULL,NULL,NULL
"2021-11-09","NZ","Christchurch","humidity",9999,-1864.3,200.8,85.67,2405991.88,1551.13,1.00,74.44,0.46,0.27,NULL,NULL,NULL,NULL,NULL,NULL
"2021-11-08","NZ","Christchurch","humidity",36,-2823.7,254.8,88.3,3608500,1899.61,1.00,74.34,0.46,0.27,NULL,NULL,NULL,NULL,NULL,NULL
"2021-11-07","NZ","Christchurch","humidity",48,-793.6,2160.4,96,1415570,1189.78,1.00,73.64,0.43,0.23,NULL,NULL,NULL,NULL,NULL,NULL
"2019-12-14","US","Charlotte","dew",38,-13.1,59,2,1265.26,35.57,1.00,2.17,-0.75,-0.69,NULL,NULL,NULL,NULL,NULL,NULL
"2021-12-22","IN","Hyderabad","temperature",128,-3245.8,3177.3,29.2,5738080,2395.43,1.00,29.07,1.64,0.41,NULL,NULL,NULL,NULL,NULL,NULL
"2021-12-12","IN","Hyderabad","temperature",128,-2650.3,1647.2,29,2181970,1477.15,1.00,28.89,1.62,0.38,NULL,NULL,NULL,NULL,NULL,NULL
"2019-01-08","IN","Delhi","precipitation",9999,-1091.71,2585.6,0.5,7591246.99,2755.22,0.74,17.70,0.08,8.96,NULL,NULL,NULL,NULL,NULL,NULL
"2019-01-07","IN","Delhi","precipitation",9999,-1169.71,2770,0.5,8133478.49,2851.93,0.74,20.16,0.13,10.25,NULL,NULL,NULL,NULL,NULL,NULL
"2019-01-06","IN","Delhi","precipitation",20,-1247.7,2954.4,0.5,8675710,2945.46,0.74,23.43,0.20,11.96,NULL,NULL,NULL,NULL,NULL,NULL
"2019-01-05","IN","Delhi","precipitation",20,-2374.4,2588.8,44.7,13339000,3652.26,0.74,28.02,0.29,14.37,NULL,NULL,NULL,NULL,NULL,NULL
